"","continent","biome","repTree","name","id","institution","countryExpertise","policyPriority","policy"
"1","Africa","Tropical & Subtropical Dry Broadleaf Forests","Faidherbia albida","Dennis Garrity",4,"ICRAF and the Global EverGreening Alliance","Many countries in Africa and Asia.","Top","research"
"2","Africa","Tropical & Subtropical Moist Broadleaf Forests","Alnus Acuminata","Alain Ndoli",5,"International Union for Conservation of Nature (IUCN)","Rwanda; Ethiopia; Madagascar; Malawi; Comoros; and Tanzania","Top","develop shade-grown variatals"
"3","Africa","Tropical & Subtropical Grasslands; Savannas; and Shrublands","Gliricidia sepium","Paramu Mafongoya",11,"University of KwaZulu-Natal","Kenya; Zambia; Zimbabwe; Malawi; Tanzania; Mozambique and South Africa","Top","Other"
"4","Asia (includes Middle East)","Temperate Broadleaf & Mixed Forests","Populus deltoides","Amit Kumar",14,"Forest Research Institute Dehradun ","India ","Top","research"
"5","Africa","Tropical & Subtropical Moist Broadleaf Forests","Markhamia lutea ","AthanaseMukuralinda ",15,"CIFOR-ICRAF","Rwanda ","Top","expand carbon crediting/verification"
"6","Africa","Temperate Grasslands; Savannas & Shrublands","Faidherbia albida","Tesfaye Shiferaw Sida",16,"CIMMYT","Ethiopia; Kenya; Tanzania; Rwanda","Top","research"
"7","North/Central America (includes Caribbean)","Temperate Broadleaf & Mixed Forests","sugar maple","Andy Gordon",21,"University of Guelph","Canada/other temperate countries","Top","research"
"8","North/Central America (includes Caribbean)","Temperate Broadleaf & Mixed Forests","Quercus macrocarpa","Alain Cogliastro",22,"IRBV - Institut de Recherche en Biologie V<e9>g<e9>tale","southern Qu<e9>bec; Canada","Top","develop/reform policy"
"9","Europe","Temperate Broadleaf & Mixed Forests","Hybrid poplars","Pierluigi Paris",23,"National Research Council (CNR)- Research Institute on Terrestrial Ecosystems","Italy","Top","develop/reform policy"
"10","Africa","Tropical & Subtropical Grasslands; Savannas; and Shrublands","Acacia tortilis","Joy Tukahirwa",26,"Uganda Landcare Network","Uganda","Top","develop/reform policy"
"11","Africa","Tropical & Subtropical Moist Broadleaf Forests","Cordia africana ","Agena Tanga ",27,"Ethiopian Environment and Forest Research Institute (EEFRI) ","Ethiopia; tropics ","Top","provision inputs"
"12","Africa","Tropical & Subtropical Grasslands; Savannas; and Shrublands","Parkia biglobosa","Ibrahim Abdullahi; PhD",28,"University of Abuja","Nigeria; United Kingdom","Top","expand carbon crediting/verification"
"13","Africa","Tropical & Subtropical Dry Broadleaf Forests","Maesopsis eminii","Peter O. Alele",29,"Conservation International","Uganda; Kenya; Rwanda; Tanzania","Top","research"
"14","Africa","Tropical & Subtropical Moist Broadleaf Forests","Grevillea Robusta","Drake N. Mubiru",30,"National Agricultural Research Organization (NARO)","Uganda","Top","research"
"15","Africa","Flooded Grasslands & Savannas","Leucaena leucocephala","ZUBAIRU YAKUBU GADA",31,"USMANU DANFODIYO UNIVERSITY SOKOTO; NIGERIA","NIGERIA","Top","research"
"16","North/Central America (includes Caribbean)","Temperate Grasslands; Savannas & Shrublands","Quercus macrocarpa","William Schroeder ",6,"GreenTree Agroforestry Solutions","Canada; United States","Top","research"
"17","Africa","Tropical & Subtropical Dry Broadleaf Forests","Faidherbia albida","Abayneh Derero",9,"Ethiopian Environment and Forest Research Institute","Ethiopia","Top","research"
"18","Europe","Temperate Broadleaf & Mixed Forests","Populus","Paul Burgess",12,"Cranfield University","UK","Top","develop/reform policy"
"19","North/Central America (includes Caribbean)","Temperate Broadleaf & Mixed Forests","Populus","Marney Isaac",13,"University of Toronto","Canada; Costa Rica; Ghana","Top","research"
"20","Europe","Boreal Forests & Taiga","Alnus glutinosa","Michael den Herder",17,"European Forest Institute","Finland","Top","develop/reform policy"
"21","Europe","Mediterranean Forests; Woodland; & Scrub","Quercus ilex","Manuel Bertomeu",18,"University of Extremadura","Spain; Philippines","Top","expand ag extension services"
"22","North/Central America (includes Caribbean)","Temperate Broadleaf & Mixed Forests","Robinia pseudoacacia","Harry Greene",19,"Propagate Ventures","United States; Canada; Argentina; Dominican Republic","Top","provision inputs"
"23","South America","Tropical & Subtropical Grasslands; Savannas; and Shrublands","Eucalyptus sp.","Wander Luis Barbosa Borges",20,"Agronomic Institute - IAC","Brazil","Top","develop shade-grown variatals"
"24","Europe","Mediterranean Forests; Woodland; & Scrub","Olive tree (Olea europea L.) ","Pierluigi Paris",24,"National Research Council (CNR) - Research Institute on Terrestrial Ecosystems (IRET) ","Italy","Top","expand ag extension services"
"25","Europe","Mediterranean Forests; Woodland; & Scrub","Mediterranean deciduous oaks (Quercus pubescens Willd; Q. cerris L.) ","Pierluigi Paris",25,"National Research Council (CNR) - Research Inst. on Terrestrial Ecosystems (IRET)","Italy","Top","expand carbon crediting/verification"
"26","Africa","Tropical & Subtropical Dry Broadleaf Forests","Faidherbia albida","Dennis Garrity",4,"ICRAF and the Global EverGreening Alliance","Many countries in Africa and Asia.","Second","develop shade-grown variatals"
"27","Africa","Tropical & Subtropical Moist Broadleaf Forests","Alnus Acuminata","Alain Ndoli",5,"International Union for Conservation of Nature (IUCN)","Rwanda; Ethiopia; Madagascar; Malawi; Comoros; and Tanzania","Second","provision inputs"
"28","Asia (includes Middle East)","Temperate Broadleaf & Mixed Forests","Populus deltoides","Amit Kumar",14,"Forest Research Institute Dehradun ","India ","Second","develop shade-grown variatals"
"29","Africa","Tropical & Subtropical Moist Broadleaf Forests","Markhamia lutea ","AthanaseMukuralinda ",15,"CIFOR-ICRAF","Rwanda ","Second","expand ag extension services"
"30","Africa","Temperate Grasslands; Savannas & Shrublands","Faidherbia albida","Tesfaye Shiferaw Sida",16,"CIMMYT","Ethiopia; Kenya; Tanzania; Rwanda","Second","develop shade-grown variatals"
"31","North/Central America (includes Caribbean)","Temperate Broadleaf & Mixed Forests","sugar maple","Andy Gordon",21,"University of Guelph","Canada/other temperate countries","Second","develop shade-grown variatals"
"32","North/Central America (includes Caribbean)","Temperate Broadleaf & Mixed Forests","Quercus macrocarpa","Alain Cogliastro",22,"IRBV - Institut de Recherche en Biologie V<e9>g<e9>tale","southern Qu<e9>bec; Canada","Second","expand carbon crediting/verification"
"33","Europe","Temperate Broadleaf & Mixed Forests","Hybrid poplars","Pierluigi Paris",23,"National Research Council (CNR)- Research Institute on Terrestrial Ecosystems","Italy","Second","expand ag extension services"
"34","Africa","Tropical & Subtropical Grasslands; Savannas; and Shrublands","Acacia tortilis","Joy Tukahirwa",26,"Uganda Landcare Network","Uganda","Second","expand carbon crediting/verification"
"35","Africa","Tropical & Subtropical Moist Broadleaf Forests","Cordia africana ","Agena Tanga ",27,"Ethiopian Environment and Forest Research Institute (EEFRI) ","Ethiopia; tropics ","Second","expand ag extension services"
"36","Africa","Tropical & Subtropical Grasslands; Savannas; and Shrublands","Parkia biglobosa","Ibrahim Abdullahi; PhD",28,"University of Abuja","Nigeria; United Kingdom","Second","research"
"37","Africa","Tropical & Subtropical Dry Broadleaf Forests","Maesopsis eminii","Peter O. Alele",29,"Conservation International","Uganda; Kenya; Rwanda; Tanzania","Second","develop shade-grown variatals"
"38","Africa","Tropical & Subtropical Moist Broadleaf Forests","Grevillea Robusta","Drake N. Mubiru",30,"National Agricultural Research Organization (NARO)","Uganda","Second","develop shade-grown variatals"
"39","Africa","Flooded Grasslands & Savannas","Leucaena leucocephala","ZUBAIRU YAKUBU GADA",31,"USMANU DANFODIYO UNIVERSITY SOKOTO; NIGERIA","NIGERIA","Second","expand ag extension services"
"40","North/Central America (includes Caribbean)","Temperate Grasslands; Savannas & Shrublands","Quercus macrocarpa","William Schroeder ",6,"GreenTree Agroforestry Solutions","Canada; United States","Second","develop/reform policy"
"41","Africa","Tropical & Subtropical Dry Broadleaf Forests","Faidherbia albida","Abayneh Derero",9,"Ethiopian Environment and Forest Research Institute","Ethiopia","Second","develop shade-grown variatals"
"42","Europe","Temperate Broadleaf & Mixed Forests","Populus","Paul Burgess",12,"Cranfield University","UK","Second","expand ag extension services"
"43","North/Central America (includes Caribbean)","Temperate Broadleaf & Mixed Forests","Populus","Marney Isaac",13,"University of Toronto","Canada; Costa Rica; Ghana","Second","develop/reform policy"
"44","Europe","Boreal Forests & Taiga","Alnus glutinosa","Michael den Herder",17,"European Forest Institute","Finland","Second","research"
"45","Europe","Mediterranean Forests; Woodland; & Scrub","Quercus ilex","Manuel Bertomeu",18,"University of Extremadura","Spain; Philippines","Second","expand carbon crediting/verification"
"46","North/Central America (includes Caribbean)","Temperate Broadleaf & Mixed Forests","Robinia pseudoacacia","Harry Greene",19,"Propagate Ventures","United States; Canada; Argentina; Dominican Republic","Second","develop/reform policy"
"47","South America","Tropical & Subtropical Grasslands; Savannas; and Shrublands","Eucalyptus sp.","Wander Luis Barbosa Borges",20,"Agronomic Institute - IAC","Brazil","Second","research"
"48","Europe","Mediterranean Forests; Woodland; & Scrub","Olive tree (Olea europea L.) ","Pierluigi Paris",24,"National Research Council (CNR) - Research Institute on Terrestrial Ecosystems (IRET) ","Italy","Second","develop/reform policy"
"49","Europe","Mediterranean Forests; Woodland; & Scrub","Mediterranean deciduous oaks (Quercus pubescens Willd; Q. cerris L.) ","Pierluigi Paris",25,"National Research Council (CNR) - Research Inst. on Terrestrial Ecosystems (IRET)","Italy","Second","develop/reform policy"
"50","Africa","Tropical & Subtropical Dry Broadleaf Forests","Faidherbia albida","Dennis Garrity",4,"ICRAF and the Global EverGreening Alliance","Many countries in Africa and Asia.","Third","develop/reform policy"
"51","Africa","Tropical & Subtropical Moist Broadleaf Forests","Alnus Acuminata","Alain Ndoli",5,"International Union for Conservation of Nature (IUCN)","Rwanda; Ethiopia; Madagascar; Malawi; Comoros; and Tanzania","Third","expand ag extension services"
"52","Asia (includes Middle East)","Temperate Broadleaf & Mixed Forests","Populus deltoides","Amit Kumar",14,"Forest Research Institute Dehradun ","India ","Third","expand ag extension services"
"53","Africa","Tropical & Subtropical Moist Broadleaf Forests","Markhamia lutea ","AthanaseMukuralinda ",15,"CIFOR-ICRAF","Rwanda ","Third","provision inputs"
"54","Africa","Temperate Grasslands; Savannas & Shrublands","Faidherbia albida","Tesfaye Shiferaw Sida",16,"CIMMYT","Ethiopia; Kenya; Tanzania; Rwanda","Third","develop/reform policy"
"55","North/Central America (includes Caribbean)","Temperate Broadleaf & Mixed Forests","sugar maple","Andy Gordon",21,"University of Guelph","Canada/other temperate countries","Third","develop/reform policy"
"56","North/Central America (includes Caribbean)","Temperate Broadleaf & Mixed Forests","Quercus macrocarpa","Alain Cogliastro",22,"IRBV - Institut de Recherche en Biologie V<e9>g<e9>tale","southern Qu<e9>bec; Canada","Third","expand ag extension services"
"57","Europe","Temperate Broadleaf & Mixed Forests","Hybrid poplars","Pierluigi Paris",23,"National Research Council (CNR)- Research Institute on Terrestrial Ecosystems","Italy","Third","expand carbon crediting/verification"
"58","Africa","Tropical & Subtropical Grasslands; Savannas; and Shrublands","Acacia tortilis","Joy Tukahirwa",26,"Uganda Landcare Network","Uganda","Third","research"
"59","Africa","Tropical & Subtropical Moist Broadleaf Forests","Cordia africana ","Agena Tanga ",27,"Ethiopian Environment and Forest Research Institute (EEFRI) ","Ethiopia; tropics ","Third","research"
"60","Africa","Tropical & Subtropical Grasslands; Savannas; and Shrublands","Parkia biglobosa","Ibrahim Abdullahi; PhD",28,"University of Abuja","Nigeria; United Kingdom","Third","develop/reform policy"
"61","Africa","Tropical & Subtropical Dry Broadleaf Forests","Maesopsis eminii","Peter O. Alele",29,"Conservation International","Uganda; Kenya; Rwanda; Tanzania","Third","expand ag extension services"
"62","Africa","Tropical & Subtropical Moist Broadleaf Forests","Grevillea Robusta","Drake N. Mubiru",30,"National Agricultural Research Organization (NARO)","Uganda","Third","provision inputs"
"63","Africa","Flooded Grasslands & Savannas","Leucaena leucocephala","ZUBAIRU YAKUBU GADA",31,"USMANU DANFODIYO UNIVERSITY SOKOTO; NIGERIA","NIGERIA","Third","expand carbon crediting/verification"
"64","North/Central America (includes Caribbean)","Temperate Grasslands; Savannas & Shrublands","Quercus macrocarpa","William Schroeder ",6,"GreenTree Agroforestry Solutions","Canada; United States","Third","expand carbon crediting/verification"
"65","Africa","Tropical & Subtropical Dry Broadleaf Forests","Faidherbia albida","Abayneh Derero",9,"Ethiopian Environment and Forest Research Institute","Ethiopia","Third","develop/reform policy"
"66","Europe","Temperate Broadleaf & Mixed Forests","Populus","Paul Burgess",12,"Cranfield University","UK","Third","expand carbon crediting/verification"
"67","North/Central America (includes Caribbean)","Temperate Broadleaf & Mixed Forests","Populus","Marney Isaac",13,"University of Toronto","Canada; Costa Rica; Ghana","Third","expand carbon crediting/verification"
"68","Europe","Boreal Forests & Taiga","Alnus glutinosa","Michael den Herder",17,"European Forest Institute","Finland","Third","Other"
"69","Europe","Mediterranean Forests; Woodland; & Scrub","Quercus ilex","Manuel Bertomeu",18,"University of Extremadura","Spain; Philippines","Third","develop/reform policy"
"70","North/Central America (includes Caribbean)","Temperate Broadleaf & Mixed Forests","Robinia pseudoacacia","Harry Greene",19,"Propagate Ventures","United States; Canada; Argentina; Dominican Republic","Third","research"
"71","South America","Tropical & Subtropical Grasslands; Savannas; and Shrublands","Eucalyptus sp.","Wander Luis Barbosa Borges",20,"Agronomic Institute - IAC","Brazil","Third","provision inputs"
"72","Europe","Mediterranean Forests; Woodland; & Scrub","Olive tree (Olea europea L.) ","Pierluigi Paris",24,"National Research Council (CNR) - Research Institute on Terrestrial Ecosystems (IRET) ","Italy","Third","expand carbon crediting/verification"
"73","Europe","Mediterranean Forests; Woodland; & Scrub","Mediterranean deciduous oaks (Quercus pubescens Willd; Q. cerris L.) ","Pierluigi Paris",25,"National Research Council (CNR) - Research Inst. on Terrestrial Ecosystems (IRET)","Italy","Third","expand ag extension services"
"74","Africa","Tropical & Subtropical Dry Broadleaf Forests","Faidherbia albida","Dennis Garrity",4,"ICRAF and the Global EverGreening Alliance","Many countries in Africa and Asia.","Fourth","provision inputs"
"75","Africa","Tropical & Subtropical Moist Broadleaf Forests","Alnus Acuminata","Alain Ndoli",5,"International Union for Conservation of Nature (IUCN)","Rwanda; Ethiopia; Madagascar; Malawi; Comoros; and Tanzania","Fourth","research"
"76","Asia (includes Middle East)","Temperate Broadleaf & Mixed Forests","Populus deltoides","Amit Kumar",14,"Forest Research Institute Dehradun ","India ","Fourth","develop/reform policy"
"77","Africa","Tropical & Subtropical Moist Broadleaf Forests","Markhamia lutea ","AthanaseMukuralinda ",15,"CIFOR-ICRAF","Rwanda ","Fourth","develop/reform policy"
"78","Africa","Temperate Grasslands; Savannas & Shrublands","Faidherbia albida","Tesfaye Shiferaw Sida",16,"CIMMYT","Ethiopia; Kenya; Tanzania; Rwanda","Fourth","provision inputs"
"79","North/Central America (includes Caribbean)","Temperate Broadleaf & Mixed Forests","sugar maple","Andy Gordon",21,"University of Guelph","Canada/other temperate countries","Fourth","provision inputs"
"80","North/Central America (includes Caribbean)","Temperate Broadleaf & Mixed Forests","Quercus macrocarpa","Alain Cogliastro",22,"IRBV - Institut de Recherche en Biologie V<e9>g<e9>tale","southern Qu<e9>bec; Canada","Fourth","develop shade-grown variatals"
"81","Europe","Temperate Broadleaf & Mixed Forests","Hybrid poplars","Pierluigi Paris",23,"National Research Council (CNR)- Research Institute on Terrestrial Ecosystems","Italy","Fourth","research"
"82","Africa","Tropical & Subtropical Grasslands; Savannas; and Shrublands","Acacia tortilis","Joy Tukahirwa",26,"Uganda Landcare Network","Uganda","Fourth","expand ag extension services"
"83","Africa","Tropical & Subtropical Moist Broadleaf Forests","Cordia africana ","Agena Tanga ",27,"Ethiopian Environment and Forest Research Institute (EEFRI) ","Ethiopia; tropics ","Fourth","develop/reform policy"
"84","Africa","Tropical & Subtropical Grasslands; Savannas; and Shrublands","Parkia biglobosa","Ibrahim Abdullahi; PhD",28,"University of Abuja","Nigeria; United Kingdom","Fourth","provision inputs"
"85","Africa","Tropical & Subtropical Dry Broadleaf Forests","Maesopsis eminii","Peter O. Alele",29,"Conservation International","Uganda; Kenya; Rwanda; Tanzania","Fourth","expand carbon crediting/verification"
"86","Africa","Tropical & Subtropical Moist Broadleaf Forests","Grevillea Robusta","Drake N. Mubiru",30,"National Agricultural Research Organization (NARO)","Uganda","Fourth","expand ag extension services"
"87","Africa","Flooded Grasslands & Savannas","Leucaena leucocephala","ZUBAIRU YAKUBU GADA",31,"USMANU DANFODIYO UNIVERSITY SOKOTO; NIGERIA","NIGERIA","Fourth","develop/reform policy"
"88","North/Central America (includes Caribbean)","Temperate Grasslands; Savannas & Shrublands","Quercus macrocarpa","William Schroeder ",6,"GreenTree Agroforestry Solutions","Canada; United States","Fourth","expand ag extension services"
"89","Africa","Tropical & Subtropical Dry Broadleaf Forests","Faidherbia albida","Abayneh Derero",9,"Ethiopian Environment and Forest Research Institute","Ethiopia","Fourth","provision inputs"
"90","Europe","Temperate Broadleaf & Mixed Forests","Populus","Paul Burgess",12,"Cranfield University","UK","Fourth","research"
"91","Europe","Boreal Forests & Taiga","Alnus glutinosa","Michael den Herder",17,"European Forest Institute","Finland","Fourth","expand ag extension services"
"92","Europe","Mediterranean Forests; Woodland; & Scrub","Quercus ilex","Manuel Bertomeu",18,"University of Extremadura","Spain; Philippines","Fourth","provision inputs"
"93","North/Central America (includes Caribbean)","Temperate Broadleaf & Mixed Forests","Robinia pseudoacacia","Harry Greene",19,"Propagate Ventures","United States; Canada; Argentina; Dominican Republic","Fourth","expand carbon crediting/verification"
"94","South America","Tropical & Subtropical Grasslands; Savannas; and Shrublands","Eucalyptus sp.","Wander Luis Barbosa Borges",20,"Agronomic Institute - IAC","Brazil","Fourth","expand ag extension services"
"95","Europe","Mediterranean Forests; Woodland; & Scrub","Olive tree (Olea europea L.) ","Pierluigi Paris",24,"National Research Council (CNR) - Research Institute on Terrestrial Ecosystems (IRET) ","Italy","Fourth","research"
"96","Europe","Mediterranean Forests; Woodland; & Scrub","Mediterranean deciduous oaks (Quercus pubescens Willd; Q. cerris L.) ","Pierluigi Paris",25,"National Research Council (CNR) - Research Inst. on Terrestrial Ecosystems (IRET)","Italy","Fourth","research"
"97","Africa","Tropical & Subtropical Dry Broadleaf Forests","Faidherbia albida","Dennis Garrity",4,"ICRAF and the Global EverGreening Alliance","Many countries in Africa and Asia.","Fifth","expand ag extension services"
"98","Africa","Tropical & Subtropical Moist Broadleaf Forests","Alnus Acuminata","Alain Ndoli",5,"International Union for Conservation of Nature (IUCN)","Rwanda; Ethiopia; Madagascar; Malawi; Comoros; and Tanzania","Fifth","expand carbon crediting/verification"
"99","Asia (includes Middle East)","Temperate Broadleaf & Mixed Forests","Populus deltoides","Amit Kumar",14,"Forest Research Institute Dehradun ","India ","Fifth","expand carbon crediting/verification"
"100","Africa","Tropical & Subtropical Moist Broadleaf Forests","Markhamia lutea ","AthanaseMukuralinda ",15,"CIFOR-ICRAF","Rwanda ","Fifth","develop shade-grown variatals"
"101","Africa","Temperate Grasslands; Savannas & Shrublands","Faidherbia albida","Tesfaye Shiferaw Sida",16,"CIMMYT","Ethiopia; Kenya; Tanzania; Rwanda","Fifth","expand ag extension services"
"102","North/Central America (includes Caribbean)","Temperate Broadleaf & Mixed Forests","sugar maple","Andy Gordon",21,"University of Guelph","Canada/other temperate countries","Fifth","expand ag extension services"
"103","North/Central America (includes Caribbean)","Temperate Broadleaf & Mixed Forests","Quercus macrocarpa","Alain Cogliastro",22,"IRBV - Institut de Recherche en Biologie V<e9>g<e9>tale","southern Qu<e9>bec; Canada","Fifth","research"
"104","Europe","Temperate Broadleaf & Mixed Forests","Hybrid poplars","Pierluigi Paris",23,"National Research Council (CNR)- Research Institute on Terrestrial Ecosystems","Italy","Fifth","develop shade-grown variatals"
"105","Africa","Tropical & Subtropical Grasslands; Savannas; and Shrublands","Acacia tortilis","Joy Tukahirwa",26,"Uganda Landcare Network","Uganda","Fifth","develop shade-grown variatals"
"106","Africa","Tropical & Subtropical Moist Broadleaf Forests","Cordia africana ","Agena Tanga ",27,"Ethiopian Environment and Forest Research Institute (EEFRI) ","Ethiopia; tropics ","Fifth","expand carbon crediting/verification"
"107","Africa","Tropical & Subtropical Grasslands; Savannas; and Shrublands","Parkia biglobosa","Ibrahim Abdullahi; PhD",28,"University of Abuja","Nigeria; United Kingdom","Fifth","expand ag extension services"
"108","Africa","Tropical & Subtropical Dry Broadleaf Forests","Maesopsis eminii","Peter O. Alele",29,"Conservation International","Uganda; Kenya; Rwanda; Tanzania","Fifth","develop/reform policy"
"109","Africa","Flooded Grasslands & Savannas","Leucaena leucocephala","ZUBAIRU YAKUBU GADA",31,"USMANU DANFODIYO UNIVERSITY SOKOTO; NIGERIA","NIGERIA","Fifth","provision inputs"
"110","Africa","Tropical & Subtropical Dry Broadleaf Forests","Faidherbia albida","Abayneh Derero",9,"Ethiopian Environment and Forest Research Institute","Ethiopia","Fifth","expand ag extension services"
"111","Europe","Temperate Broadleaf & Mixed Forests","Populus","Paul Burgess",12,"Cranfield University","UK","Fifth","provision inputs"
"112","Europe","Boreal Forests & Taiga","Alnus glutinosa","Michael den Herder",17,"European Forest Institute","Finland","Fifth","expand carbon crediting/verification"
"113","Europe","Mediterranean Forests; Woodland; & Scrub","Quercus ilex","Manuel Bertomeu",18,"University of Extremadura","Spain; Philippines","Fifth","develop shade-grown variatals"
"114","North/Central America (includes Caribbean)","Temperate Broadleaf & Mixed Forests","Robinia pseudoacacia","Harry Greene",19,"Propagate Ventures","United States; Canada; Argentina; Dominican Republic","Fifth","expand ag extension services"
"115","South America","Tropical & Subtropical Grasslands; Savannas; and Shrublands","Eucalyptus sp.","Wander Luis Barbosa Borges",20,"Agronomic Institute - IAC","Brazil","Fifth","develop/reform policy"
"116","Europe","Mediterranean Forests; Woodland; & Scrub","Olive tree (Olea europea L.) ","Pierluigi Paris",24,"National Research Council (CNR) - Research Institute on Terrestrial Ecosystems (IRET) ","Italy","Fifth","develop shade-grown variatals"
"117","Europe","Mediterranean Forests; Woodland; & Scrub","Mediterranean deciduous oaks (Quercus pubescens Willd; Q. cerris L.) ","Pierluigi Paris",25,"National Research Council (CNR) - Research Inst. on Terrestrial Ecosystems (IRET)","Italy","Fifth","develop shade-grown variatals"
"118","Africa","Tropical & Subtropical Dry Broadleaf Forests","Faidherbia albida","Dennis Garrity",4,"ICRAF and the Global EverGreening Alliance","Many countries in Africa and Asia.","Last","expand carbon crediting/verification"
"119","Africa","Tropical & Subtropical Moist Broadleaf Forests","Alnus Acuminata","Alain Ndoli",5,"International Union for Conservation of Nature (IUCN)","Rwanda; Ethiopia; Madagascar; Malawi; Comoros; and Tanzania","Last","develop/reform policy"
"120","Africa","Tropical & Subtropical Moist Broadleaf Forests","Markhamia lutea ","AthanaseMukuralinda ",15,"CIFOR-ICRAF","Rwanda ","Last","research"
"121","Africa","Temperate Grasslands; Savannas & Shrublands","Faidherbia albida","Tesfaye Shiferaw Sida",16,"CIMMYT","Ethiopia; Kenya; Tanzania; Rwanda","Last","expand carbon crediting/verification"
"122","North/Central America (includes Caribbean)","Temperate Broadleaf & Mixed Forests","sugar maple","Andy Gordon",21,"University of Guelph","Canada/other temperate countries","Last","expand carbon crediting/verification"
"123","North/Central America (includes Caribbean)","Temperate Broadleaf & Mixed Forests","Quercus macrocarpa","Alain Cogliastro",22,"IRBV - Institut de Recherche en Biologie V<e9>g<e9>tale","southern Qu<e9>bec; Canada","Last","provision inputs"
"124","Europe","Temperate Broadleaf & Mixed Forests","Hybrid poplars","Pierluigi Paris",23,"National Research Council (CNR)- Research Institute on Terrestrial Ecosystems","Italy","Last","provision inputs"
"125","Africa","Tropical & Subtropical Grasslands; Savannas; and Shrublands","Acacia tortilis","Joy Tukahirwa",26,"Uganda Landcare Network","Uganda","Last","provision inputs"
"126","Africa","Tropical & Subtropical Moist Broadleaf Forests","Cordia africana ","Agena Tanga ",27,"Ethiopian Environment and Forest Research Institute (EEFRI) ","Ethiopia; tropics ","Last","develop shade-grown variatals"
"127","Africa","Tropical & Subtropical Grasslands; Savannas; and Shrublands","Parkia biglobosa","Ibrahim Abdullahi; PhD",28,"University of Abuja","Nigeria; United Kingdom","Last","develop shade-grown variatals"
"128","Africa","Tropical & Subtropical Dry Broadleaf Forests","Maesopsis eminii","Peter O. Alele",29,"Conservation International","Uganda; Kenya; Rwanda; Tanzania","Last","provision inputs"
"129","Africa","Tropical & Subtropical Dry Broadleaf Forests","Faidherbia albida","Abayneh Derero",9,"Ethiopian Environment and Forest Research Institute","Ethiopia","Last","expand carbon crediting/verification"
"130","Europe","Mediterranean Forests; Woodland; & Scrub","Quercus ilex","Manuel Bertomeu",18,"University of Extremadura","Spain; Philippines","Last","research"
"131","North/Central America (includes Caribbean)","Temperate Broadleaf & Mixed Forests","Robinia pseudoacacia","Harry Greene",19,"Propagate Ventures","United States; Canada; Argentina; Dominican Republic","Last","develop shade-grown variatals"
"132","South America","Tropical & Subtropical Grasslands; Savannas; and Shrublands","Eucalyptus sp.","Wander Luis Barbosa Borges",20,"Agronomic Institute - IAC","Brazil","Last","expand carbon crediting/verification"
"133","Europe","Mediterranean Forests; Woodland; & Scrub","Olive tree (Olea europea L.) ","Pierluigi Paris",24,"National Research Council (CNR) - Research Institute on Terrestrial Ecosystems (IRET) ","Italy","Last","provision inputs"
"134","Europe","Mediterranean Forests; Woodland; & Scrub","Mediterranean deciduous oaks (Quercus pubescens Willd; Q. cerris L.) ","Pierluigi Paris",25,"National Research Council (CNR) - Research Inst. on Terrestrial Ecosystems (IRET)","Italy","Last","provision inputs"
"135","North/Central America (includes Caribbean)","Tropical & Subtropical Moist Broadleaf Forests","Cordia alliodora","Eduardo Somarriba",10,"CATIE","Latin America and the Caribbean","Not Meaningful","develop/reform policy"
"136","Africa","Tropical & Subtropical Grasslands; Savannas; and Shrublands","Gliricidia sepium","Paramu Mafongoya",11,"University of KwaZulu-Natal","Kenya; Zambia; Zimbabwe; Malawi; Tanzania; Mozambique and South Africa","Not Meaningful","research"
"137","Asia (includes Middle East)","Temperate Broadleaf & Mixed Forests","Populus deltoides","Amit Kumar",14,"Forest Research Institute Dehradun ","India ","Not Meaningful","provision inputs"
"138","Africa","Tropical & Subtropical Moist Broadleaf Forests","Grevillea Robusta","Drake N. Mubiru",30,"National Agricultural Research Organization (NARO)","Uganda","Not Meaningful","develop/reform policy"
"139","Africa","Flooded Grasslands & Savannas","Leucaena leucocephala","ZUBAIRU YAKUBU GADA",31,"USMANU DANFODIYO UNIVERSITY SOKOTO; NIGERIA","NIGERIA","Not Meaningful","develop shade-grown variatals"
"140","North/Central America (includes Caribbean)","Temperate Grasslands; Savannas & Shrublands","Quercus macrocarpa","William Schroeder ",6,"GreenTree Agroforestry Solutions","Canada; United States","Not Meaningful","develop shade-grown variatals"
"141","Africa","Tropical & Subtropical Grasslands; Savannas; and Shrublands","Faidherbia albida","Kiros Hadgu",7,"World Agroforestry (ICRAF)","Ethiopia","Not Meaningful","develop/reform policy"
"142","Europe","Temperate Broadleaf & Mixed Forests","Populus","Paul Burgess",12,"Cranfield University","UK","Not Meaningful","develop shade-grown variatals"
"143","North/Central America (includes Caribbean)","Temperate Broadleaf & Mixed Forests","Populus","Marney Isaac",13,"University of Toronto","Canada; Costa Rica; Ghana","Not Meaningful","develop shade-grown variatals"
"144","Europe","Boreal Forests & Taiga","Alnus glutinosa","Michael den Herder",17,"European Forest Institute","Finland","Not Meaningful","develop shade-grown variatals"
"145","North/Central America (includes Caribbean)","Tropical & Subtropical Moist Broadleaf Forests","Cordia alliodora","Eduardo Somarriba",10,"CATIE","Latin America and the Caribbean","Not Meaningful","expand ag extension services"
"146","Africa","Tropical & Subtropical Grasslands; Savannas; and Shrublands","Gliricidia sepium","Paramu Mafongoya",11,"University of KwaZulu-Natal","Kenya; Zambia; Zimbabwe; Malawi; Tanzania; Mozambique and South Africa","Not Meaningful","develop shade-grown variatals"
"147","Africa","Tropical & Subtropical Moist Broadleaf Forests","Grevillea Robusta","Drake N. Mubiru",30,"National Agricultural Research Organization (NARO)","Uganda","Not Meaningful","expand carbon crediting/verification"
"148","North/Central America (includes Caribbean)","Temperate Grasslands; Savannas & Shrublands","Quercus macrocarpa","William Schroeder ",6,"GreenTree Agroforestry Solutions","Canada; United States","Not Meaningful","provision inputs"
"149","Africa","Tropical & Subtropical Grasslands; Savannas; and Shrublands","Faidherbia albida","Kiros Hadgu",7,"World Agroforestry (ICRAF)","Ethiopia","Not Meaningful","expand ag extension services"
"150","North/Central America (includes Caribbean)","Temperate Broadleaf & Mixed Forests","Populus","Marney Isaac",13,"University of Toronto","Canada; Costa Rica; Ghana","Not Meaningful","provision inputs"
"151","Europe","Boreal Forests & Taiga","Alnus glutinosa","Michael den Herder",17,"European Forest Institute","Finland","Not Meaningful","provision inputs"
"152","North/Central America (includes Caribbean)","Tropical & Subtropical Moist Broadleaf Forests","Cordia alliodora","Eduardo Somarriba",10,"CATIE","Latin America and the Caribbean","Not Meaningful","provision inputs"
"153","Africa","Tropical & Subtropical Grasslands; Savannas; and Shrublands","Gliricidia sepium","Paramu Mafongoya",11,"University of KwaZulu-Natal","Kenya; Zambia; Zimbabwe; Malawi; Tanzania; Mozambique and South Africa","Not Meaningful","develop/reform policy"
"154","Africa","Tropical & Subtropical Grasslands; Savannas; and Shrublands","Faidherbia albida","Kiros Hadgu",7,"World Agroforestry (ICRAF)","Ethiopia","Not Meaningful","provision inputs"
"155","North/Central America (includes Caribbean)","Temperate Broadleaf & Mixed Forests","Populus","Marney Isaac",13,"University of Toronto","Canada; Costa Rica; Ghana","Not Meaningful","expand ag extension services"
"156","North/Central America (includes Caribbean)","Tropical & Subtropical Moist Broadleaf Forests","Cordia alliodora","Eduardo Somarriba",10,"CATIE","Latin America and the Caribbean","Not Meaningful","expand carbon crediting/verification"
"157","Africa","Tropical & Subtropical Grasslands; Savannas; and Shrublands","Gliricidia sepium","Paramu Mafongoya",11,"University of KwaZulu-Natal","Kenya; Zambia; Zimbabwe; Malawi; Tanzania; Mozambique and South Africa","Not Meaningful","provision inputs"
"158","Africa","Tropical & Subtropical Grasslands; Savannas; and Shrublands","Faidherbia albida","Kiros Hadgu",7,"World Agroforestry (ICRAF)","Ethiopia","Not Meaningful","research"
"159","North/Central America (includes Caribbean)","Tropical & Subtropical Moist Broadleaf Forests","Cordia alliodora","Eduardo Somarriba",10,"CATIE","Latin America and the Caribbean","Not Meaningful","research"
"160","Africa","Tropical & Subtropical Grasslands; Savannas; and Shrublands","Gliricidia sepium","Paramu Mafongoya",11,"University of KwaZulu-Natal","Kenya; Zambia; Zimbabwe; Malawi; Tanzania; Mozambique and South Africa","Not Meaningful","expand ag extension services"
"161","Africa","Tropical & Subtropical Grasslands; Savannas; and Shrublands","Faidherbia albida","Kiros Hadgu",7,"World Agroforestry (ICRAF)","Ethiopia","Not Meaningful","develop shade-grown variatals"
"162","North/Central America (includes Caribbean)","Tropical & Subtropical Moist Broadleaf Forests","Cordia alliodora","Eduardo Somarriba",10,"CATIE","Latin America and the Caribbean","Not Meaningful","develop shade-grown variatals"
"163","Africa","Tropical & Subtropical Grasslands; Savannas; and Shrublands","Gliricidia sepium","Paramu Mafongoya",11,"University of KwaZulu-Natal","Kenya; Zambia; Zimbabwe; Malawi; Tanzania; Mozambique and South Africa","Not Meaningful","expand carbon crediting/verification"
"164","Africa","Tropical & Subtropical Grasslands; Savannas; and Shrublands","Faidherbia albida","Kiros Hadgu",7,"World Agroforestry (ICRAF)","Ethiopia","Not Meaningful","expand carbon crediting/verification"
